company_name,job_board_url,mission_category,discovery_source
10a Labs,https://boards.greenhouse.io/10alabs,mission,mission_filter
AI Safety Asia,https://jobs.lever.co/aisafety,mission,mission_filter
Accesso Biotech Corporation,https://boards.greenhouse.io/accesso,global_health,gates
Acumen,https://boards.greenhouse.io/acumen,mission,mission_filter
Adapture Renewables Inc,https://boards.greenhouse.io/adapturerenewables,bcorp,bcorp
Affinity Bridge,https://boards.greenhouse.io/affinity,bcorp,bcorp
Aligned Law,https://boards.greenhouse.io/aligned,bcorp,bcorp
"Amplitude Therapeutics, Inc.",https://boards.greenhouse.io/amplitude,global_health,gates
Arcadia,https://jobs.lever.co/arcadia,xrisk,coefficient
Ashoka,https://jobs.lever.co/ashoka,mission,mission_filter
Audley Travel,https://careers.smartrecruiters.com/audleytravel,bcorp,bcorp
Australia and New Zealand Recycling Platform,https://boards.greenhouse.io/australia,bcorp,bcorp
Beam,https://boards.greenhouse.io/beam,mission,mission_filter
Bellroy,https://boards.greenhouse.io/bellroy,bcorp,bcorp
Beyond Bank Australia,https://careers.smartrecruiters.com/beyondbankaustralia,bcorp,bcorp
Beyond Meat,https://boards.greenhouse.io/beyond,effective_altruism,ea_funds
"Bill, Hillary & Chelsea Clinton Foundation",https://boards.greenhouse.io/clintonfoundation,global_health,gates
Block Design,https://boards.greenhouse.io/block,bcorp,bcorp
Blue Zoo Productions Ltd,https://careers.smartrecruiters.com/bluezooproductions,bcorp,bcorp
Blueland,https://jobs.lever.co/blueland,bcorp,bcorp
Bluestone Life,https://boards.greenhouse.io/bluestone,bcorp,bcorp
Bold Bean Co,https://boards.greenhouse.io/bold,bcorp,bcorp
Bombas,https://boards.greenhouse.io/bombas,bcorp,bcorp
Boys & Girls Clubs of America,https://careers.smartrecruiters.com/boysgirlsclubsofamerica,mission,mission_filter
Brave & Heart,https://boards.greenhouse.io/brave,bcorp,bcorp
Brighton Jones,https://jobs.lever.co/brightonjones,bcorp,bcorp
Brookings Institution,https://jobs.lever.co/brookings,mission,mission_filter
Bulgaria Animal Ask,https://boards.greenhouse.io/bulgaria,effective_altruism,ea_funds
ButcherBox,https://jobs.lever.co/butcherbox,bcorp,bcorp
Butternut Box,https://boards.greenhouse.io/butternutbox,bcorp,bcorp
CDC Foundation,https://jobs.lever.co/cdcfoundation,global_health,coefficient+gates
Carbon,https://boards.greenhouse.io/carbon,mission,mission_filter
Carbon Direct,https://boards.greenhouse.io/carbondirect,mission,mission_filter
Casebook PBC,https://careers.smartrecruiters.com/casebookpbc,bcorp,bcorp
Centennial Property Limited t/a The Housing Network,https://boards.greenhouse.io/centennial,bcorp,bcorp
Chan Zuckerberg Initiative,https://boards.greenhouse.io/chanzuckerberginitiative,mission,mission_filter
Charm Industrial,https://jobs.lever.co/charmindustrial,mission,mission_filter
Circ,https://boards.greenhouse.io/circ,bcorp,bcorp
Civitech,https://jobs.lever.co/civitech,bcorp,bcorp
Clearpoint Recycling Ltd,https://jobs.lever.co/clearpoint,bcorp,bcorp
Climate X,https://boards.greenhouse.io/climatex,bcorp,bcorp
Clover Health,https://boards.greenhouse.io/cloverhealth,mission,mission_filter
Co: Collective,https://jobs.lever.co/cocollective,bcorp,bcorp
Code for America,https://boards.greenhouse.io/codeforamerica,mission,mission_filter
Code.org,https://boards.greenhouse.io/codeorg,mission,mission_filter
Coefficient Giving,https://boards.greenhouse.io/coefficient,mission,mission_filter
Community Development Partners,https://boards.greenhouse.io/community,bcorp,bcorp
Concentric Policies,https://boards.greenhouse.io/concentric,mission,mission_filter
Convergent Research,https://jobs.lever.co/convergentresearch,biosecurity,coefficient+sff
Copia,https://jobs.lever.co/copia,mission,mission_filter
Culture Amp,https://boards.greenhouse.io/cultureamp,bcorp,bcorp
Denver Research Institute,https://boards.greenhouse.io/denver,global_health,gates
Digital Divide Data,https://careers.smartrecruiters.com/digitaldividedata,mission,mission_filter
Dimagi,https://boards.greenhouse.io/dimagi,global_health,gates
Dots Eco Ltd,https://boards.greenhouse.io/dots,bcorp,bcorp
Earth Rated,https://boards.greenhouse.io/earthrated,bcorp,bcorp
EcoVadis,https://careers.smartrecruiters.com/ecovadis,mission,mission_filter
Ecoworks,https://boards.greenhouse.io/ecoworks,bcorp,bcorp
Edge Impact,https://boards.greenhouse.io/edge,bcorp,bcorp
Educate!,https://boards.greenhouse.io/educate,mission,mission_filter
Encore Environment Ltd,https://boards.greenhouse.io/encore,bcorp,bcorp
Encore Renewable Energy,https://jobs.lever.co/encore-renewable-energy,bcorp,bcorp
Energy Vault,https://jobs.lever.co/EnergyVault,mission,mission_filter
Engineers Without Borders USA,https://careers.smartrecruiters.com/engineerswithoutbordersusa,research,coefficient
Epicentre,https://careers.smartrecruiters.com/epicentre,global_health,gates
"Evermore Pet Food, Inc.",https://boards.greenhouse.io/evermore,bcorp,bcorp
FAR AI,https://jobs.lever.co/far-ai,mission,mission_filter
Faherty Brand LLC,https://boards.greenhouse.io/fahertybrand,bcorp,bcorp
Fennies Day Nurseries Ltd,https://boards.greenhouse.io/fenniesdaynurseries,bcorp,bcorp
Firsthand Foods,https://boards.greenhouse.io/firsthand,bcorp,bcorp
Flashfood Inc.,https://boards.greenhouse.io/flashfood,bcorp,bcorp
Flatiron Energy,https://boards.greenhouse.io/flatironenergy,bcorp,bcorp
Flatiron Health,https://boards.greenhouse.io/flatironhealth,mission,mission_filter
Forward Institute,https://careers.smartrecruiters.com/forward,bcorp,bcorp
Found B.V.,https://boards.greenhouse.io/found,bcorp,bcorp
Foundry,https://boards.greenhouse.io/foundry,bcorp,bcorp
Future Arc,https://boards.greenhouse.io/future,bcorp,bcorp
Future of Life Institute,https://jobs.lever.co/futureof-life,mission,mission_filter
Gensyn,https://boards.greenhouse.io/gensyn,mission,mission_filter
Genuine Health,https://jobs.lever.co/genuinehealth,bcorp,bcorp
Ginkgo Bioworks,https://boards.greenhouse.io/ginkgobioworks,global_health,gates
GiveWell,https://boards.greenhouse.io/givewell,effective_altruism,gwwc
Goal 17 Media,https://boards.greenhouse.io/goal,global_health,gates
Good American,https://jobs.lever.co/goodamerican,bcorp,bcorp
Goodr,https://boards.greenhouse.io/goodr,bcorp,bcorp
Greenpeace,https://boards.greenhouse.io/greenpeace,mission,mission_filter
Grin Holdings Limited,https://boards.greenhouse.io/grin,bcorp,bcorp
Gropyus,https://boards.greenhouse.io/gropyus,mission,mission_filter
Grove Collaborative,https://boards.greenhouse.io/grovecollaborative,bcorp,bcorp
Guild,https://boards.greenhouse.io/guild,bcorp,bcorp
Haize Labs,https://boards.greenhouse.io/haizelabs,mission,mission_filter
Halcyon Development Partners,https://boards.greenhouse.io/halcyon,bcorp,bcorp
Harmony Projects,https://jobs.lever.co/harmony,bcorp,bcorp
Harvard University,https://careers.smartrecruiters.com/harvarduniversity,biosecurity,coefficient
Haven Design|Build,https://boards.greenhouse.io/haven,bcorp,bcorp
Hawthorne Foods,https://careers.smartrecruiters.com/hawthorne,bcorp,bcorp
"Hexagon Bio, Inc.",https://boards.greenhouse.io/hexagonbio,global_health,gates
Hive Cleaning,https://boards.greenhouse.io/hive,animal_welfare,coefficient
Homeward Health,https://boards.greenhouse.io/homewardhealth,bcorp,bcorp
Honeycomb Strategies,https://boards.greenhouse.io/honeycomb,bcorp,bcorp
HoppR,https://boards.greenhouse.io/hoppr,bcorp,bcorp
Idealist Consulting,https://jobs.lever.co/idealistconsulting,bcorp,bcorp
India Federation of Indian Animal Protection Organizations,https://boards.greenhouse.io/india,effective_altruism,ea_funds
Indigo Ag,https://boards.greenhouse.io/indigo,mission,mission_filter
International Committee of the Red Cross,https://careers.smartrecruiters.com/internationalcommitteeoftheredcross,mission,mission_filter
Intersand,https://careers.smartrecruiters.com/intersand,bcorp,bcorp
Japan Coalition of African Animal Welfare Organizations,https://boards.greenhouse.io/japan,effective_altruism,ea_funds
Journey Costa Rica LLC,https://boards.greenhouse.io/journey,bcorp,bcorp
Jumo World Holding Limited,https://boards.greenhouse.io/jumo,bcorp,bcorp
Keystone Earth Consulting Ltd,https://boards.greenhouse.io/keystone,global_health,gates
Khan Academy,https://boards.greenhouse.io/khanacademy,mission,mission_filter
Known Impact,https://boards.greenhouse.io/known,bcorp,bcorp
Koch Institute for Integrative Cancer Research,https://boards.greenhouse.io/koch,global_health,coefficient
LIFT Economy,https://boards.greenhouse.io/lift,bcorp,bcorp
LINK PBC,https://boards.greenhouse.io/link,bcorp,bcorp
Lake Flato Architects,https://careers.smartrecruiters.com/lakeflatoarchitects,bcorp,bcorp
Lila Sciences,https://boards.greenhouse.io/lilasciences,mission,mission_filter
Living Carbon,https://jobs.lever.co/livingcarbon,mission,mission_filter
Loop Home Pty Ltd,https://boards.greenhouse.io/loop,bcorp,bcorp
Lumen Bioscience,https://boards.greenhouse.io/lumenbioscience,global_health,gates
Lush,https://boards.greenhouse.io/lush,mission,mission_filter
MAST Architects,https://boards.greenhouse.io/mast,bcorp,bcorp
Make Limited,https://boards.greenhouse.io/make,bcorp,bcorp
Malengo,https://careers.smartrecruiters.com/malengo,mission,mission_filter
Manifest,https://boards.greenhouse.io/manifest,bcorp,bcorp
Mercy for Animals,https://boards.greenhouse.io/mercyforanimals,mission,mission_filter
Mesh Energy Ltd,https://boards.greenhouse.io/mesh,bcorp,bcorp
Method Products,https://boards.greenhouse.io/method,bcorp,bcorp
Mindful & Good,https://jobs.lever.co/mindful,bcorp,bcorp
Minimal Gear LLC,https://boards.greenhouse.io/minimal,bcorp,bcorp
Modo Energy Limited,https://boards.greenhouse.io/modoenergy,bcorp,bcorp
Monks,https://boards.greenhouse.io/monks,bcorp,bcorp
Mozilla Foundation,https://boards.greenhouse.io/mozilla,mission,mission_filter
NINE,https://careers.smartrecruiters.com/nine,bcorp,bcorp
NOMAD EDUCATION,https://careers.smartrecruiters.com/nomadeducation,bcorp,bcorp
Navitas Organics,https://careers.smartrecruiters.com/navitas,bcorp,bcorp
Next Sense,https://careers.smartrecruiters.com/nextsense,bcorp,bcorp
Nice and Serious,https://boards.greenhouse.io/nice,xrisk,coefficient
OLIPOP,https://boards.greenhouse.io/olipop,bcorp,bcorp
OLLY PBC,https://boards.greenhouse.io/olly,bcorp,bcorp
Omidyar Network,https://boards.greenhouse.io/omidyarnetwork,mission,mission_filter
One Acre Fund,https://boards.greenhouse.io/oneacrefund,mission,mission_filter
Orderly,https://boards.greenhouse.io/orderly,bcorp,bcorp
Orenda Group LTD,https://boards.greenhouse.io/orenda,bcorp,bcorp
"Orijin, PBC",https://jobs.lever.co/orijin,bcorp,bcorp
"Osano, Inc., a Public Benefit Corp",https://boards.greenhouse.io/osano,bcorp,bcorp
Ouihelp,https://boards.greenhouse.io/ouihelp,bcorp,bcorp
Outrider Foundation,https://boards.greenhouse.io/outrider,mission,mission_filter
PEAK DESIGN,https://boards.greenhouse.io/peakdesign,bcorp,bcorp
PT. Bio Farma (Persero),https://careers.smartrecruiters.com/ptbiofarmapersero,global_health,gates
Patch,https://boards.greenhouse.io/patch,bcorp,bcorp
Payactiv,https://jobs.lever.co/payactiv,bcorp,bcorp
Peak Compliance S.r.l. Società Benefit,https://boards.greenhouse.io/peak,bcorp,bcorp
"Pivot Bio, Inc",https://boards.greenhouse.io/pivotbio,global_health,gates
Pivot Energy,https://jobs.lever.co/pivotenergy,bcorp,bcorp
Planet Labs,https://boards.greenhouse.io/planetlabs,mission,mission_filter
PosiGen,https://careers.smartrecruiters.com/posigen,bcorp,bcorp
Private Public Limited (PPL),https://boards.greenhouse.io/private,bcorp,bcorp
Pulse,https://boards.greenhouse.io/pulse,bcorp,bcorp
Quantium Health South Africa,https://boards.greenhouse.io/quantium,global_health,gates
Raven + Lily,https://boards.greenhouse.io/raven,bcorp,bcorp
Recursion Pharmaceuticals,https://boards.greenhouse.io/recursionpharmaceuticals,mission,mission_filter
Refurbed Marketplace GmbH,https://boards.greenhouse.io/refurbed,bcorp,bcorp
Relativity Space,https://boards.greenhouse.io/relativity,mission,mission_filter
Resilience,https://boards.greenhouse.io/resilience,bcorp,bcorp
Resonant Energy,https://boards.greenhouse.io/resonantenergy,bcorp,bcorp
Rethink Priorities,https://careers.smartrecruiters.com/rethink,animal_welfare,coefficient
Revel Architecture & Design,https://boards.greenhouse.io/revel,bcorp,bcorp
Revivn,https://boards.greenhouse.io/revivn,bcorp,bcorp
"Ripple Foods, PBC",https://boards.greenhouse.io/ripple,bcorp,bcorp
Rise,https://jobs.lever.co/rise,bcorp,bcorp
Ritual,https://boards.greenhouse.io/ritual,bcorp,bcorp
Rumble Coffee Roasters,https://boards.greenhouse.io/rumble,bcorp,bcorp
Santex,https://boards.greenhouse.io/santex,bcorp,bcorp
Sapling Spirits,https://jobs.lever.co/sapling,bcorp,bcorp
Second Nature,https://careers.smartrecruiters.com/secondnature,mission,mission_filter
Seed,https://boards.greenhouse.io/seed,bcorp,bcorp
Seesaw Studio,https://boards.greenhouse.io/seesaw,bcorp,bcorp
Shaped By,https://careers.smartrecruiters.com/shaped,bcorp,bcorp
Sierra Club,https://careers.smartrecruiters.com/sierraclub,mission,mission_filter
Simply Straws,https://boards.greenhouse.io/simply,bcorp,bcorp
Social Nature,https://careers.smartrecruiters.com/socialnature,bcorp,bcorp
Social Science Research Council,https://boards.greenhouse.io/socialscienceresearchcouncil,global_health,gates
Stok,https://boards.greenhouse.io/stok,bcorp,bcorp
Stone Creek Coffee,https://boards.greenhouse.io/stone,bcorp,bcorp
Sustainment Technologies Inc,https://boards.greenhouse.io/sustainment,bcorp,bcorp
Sweetgreen,https://boards.greenhouse.io/sweetgreen,mission,mission_filter
Swiss Tropical and Public Health Institute,https://careers.smartrecruiters.com/swisstropicalandpublichealthinstitute,mission,mission_filter
Systemiq Limited,https://boards.greenhouse.io/systemiq,bcorp,bcorp
Tala,https://jobs.lever.co/tala,bcorp,bcorp
TapTap Giving Ltd,https://careers.smartrecruiters.com/taptap,bcorp,bcorp
Teachstone,https://boards.greenhouse.io/teachstone,bcorp,bcorp
The Decision Lab,https://careers.smartrecruiters.com/thedecisionlab,mission,mission_filter
Thrive Market,https://boards.greenhouse.io/thrivemarket,mission,mission_filter
Tide Risers Limited,https://boards.greenhouse.io/tide,bcorp,bcorp
Tomorrow GmbH,https://boards.greenhouse.io/tomorrow,bcorp,bcorp
Trove,https://boards.greenhouse.io/trove,bcorp,bcorp
Unlimit Health,https://jobs.lever.co/unlimit,global_health,gates
VentureWell,https://boards.greenhouse.io/venturewell,global_health,gates
Verve,https://boards.greenhouse.io/verve,bcorp,bcorp
Voltus,https://jobs.lever.co/voltus,mission,mission_filter
Watershed,https://boards.greenhouse.io/watershed,bcorp,bcorp
Weave Grid,https://boards.greenhouse.io/weave,mission,mission_filter
Who Gives A Crap,https://boards.greenhouse.io/whogivesacrap,mission,mission_filter
Wikimedia Deutschland,https://boards.greenhouse.io/wikimedia,mission,mission_filter
Winrock International,https://boards.greenhouse.io/winrock,mission,mission_filter
"Workshop Architects, Inc.",https://boards.greenhouse.io/workshop,bcorp,bcorp
World Animal Protection,https://careers.smartrecruiters.com/worldanimalprotection,animal_welfare,coefficient
World Health Partners,https://careers.smartrecruiters.com/worldhealthpartners,global_health,gates
"XP Health, Inc.",https://boards.greenhouse.io/xphealth,bcorp,bcorp
Zero Carbon Logistics S.A.,https://boards.greenhouse.io/zero,bcorp,bcorp
Zola Electric,https://boards.greenhouse.io/zola,mission,mission_filter
microDON,https://careers.smartrecruiters.com/microdon,bcorp,bcorp
